{"_id":{"$oid":"6a1b2c3d4e5f6a7b8c9d0e1f"},"userId":{"$oid":"5f8a7b2d9d3e7a1c3c7b4a1c"},"authorSummary":{"username":"jan_kowalski","displayName":"Jan Kowalski"},"content":"Dzisiaj jest piękny dzień na programowanie!","createdAt":{"$date":"2023-05-20T14:30:00Z"},"updatedAt":{"$date":"2023-05-20T14:30:00Z"},"stats":{"likes":25,"comments":2},"maxComments":20,"tags":["programowanie","technologia"],"recentComments":[{"_id":{"$oid":"7b8c9d0e1f2a3b4c5d6e7f8a"},"userId":{"$oid":"1a2b3c4d5e6f7a8b9c0d1e2f"},"authorSummary":{"username":"anna_nowak","displayName":"Anna Nowak"},"content":"Całkowicie się zgadzam!","createdAt":{"$date":"2023-05-20T15:45:00Z"},"likes":3},{"_id":{"$oid":"8c9d0e1f2a3b4c5d6e7f8a9b"},"userId":{"$oid":"2b3c4d5e6f7a8b9c0d1e2f3a"},"authorSummary":{"username":"marek_wisniewski","displayName":"Marek Wiśniewski"},"content":"Jaki projekt dziś realizujesz?","createdAt":{"$date":"2023-05-20T16:20:00Z"},"likes":1}]}
{"_id":{"$oid":"7b2c3d4e5f6a7b8c9d0e1f2a"},"userId":{"$oid":"1a2b3c4d5e6f7a8b9c0d1e2f"},"authorSummary":{"username":"anna_nowak","displayName":"Anna Nowak"},"content":"Właśnie skończyłam czytać świetną książkę! Polecam 'Duma i uprzedzenie'.","createdAt":{"$date":"2023-05-21T10:15:00Z"},"updatedAt":{"$date":"2023-05-21T10:15:00Z"},"stats":{"likes":18,"comments":1},"maxComments":10,"tags":["książki","czytanie"],"recentComments":[{"_id":{"$oid":"9d0e1f2a3b4c5d6e7f8a9b0c"},"userId":{"$oid":"5f8a7b2d9d3e7a1c3c7b4a1c"},"authorSummary":{"username":"jan_kowalski","displayName":"Jan Kowalski"},"content":"Też ją czytałem, świetna pozycja!","createdAt":{"$date":"2023-05-21T11:30:00Z"},"likes":2}]}
