{"_id":{"$oid":"5f8a7b2d9d3e7a1c3c7b4a1c"},"username":"jan_kowalski","email":"jan.kowalski@example.com","password":"$2a$10$X7JhbS1Ehp8YK4Xo9jM1e.Lqz4DZM6rXV8wY9X9Y8X7X8X7X8X7X8","profile":{"displayName":"Jan K. Kowalski","bio":"Pasjonat technologii i kawy","joinDate":{"$date":"2023-01-15T12:00:00Z"}},"stats":{"followers":120,"following":85,"posts":45}}
{"_id":{"$oid":"1a2b3c4d5e6f7a8b9c0d1e2f"},"username":"anna_nowak","email":"anna.nowak@example.com","password":"$2a$10$Y8X7X8X7X8X7X8X7X8X7X.Lqz4DZM6rXV8wY9X9Y8X7X8X7X8X7X8","profile":{"displayName":"Anna Nowak","bio":"Miłośniczka książek i podróży","joinDate":{"$date":"2023-02-10T09:30:00Z"}},"stats":{"followers":85,"following":120,"posts":32}}
{"_id":{"$oid":"2b3c4d5e6f7a8b9c0d1e2f3a"},"username":"marek_wisniewski","email":"marek.wisniewski@example.com","password":"$2a$10$Z9Y8X7X8X7X8X7X8X7X8X.Lqz4DZM6rXV8wY9X9Y8X7X8X7X8X7X8","profile":{"displayName":"Marek Wiśniewski","bio":"Programista, fan piłki nożnej","joinDate":{"$date":"2023-03-05T15:45:00Z"}},"stats":{"followers":65,"following":42,"posts":28}}
